{"regist_target_img_scalef": 0.12939121, "tissue_hires_scalef": 0.043130405, "tissue_lowres_scalef": 0.012939122, "fiducial_diameter_fullres": 383.67483375183735, "spot_diameter_fullres": 219.24276214390704}